Dataset Name,Cross Validation [1-10],Algorithm Name,best temperature_magnitude,Accuracy,TPR,FPR,Precision,AUC,PR-Curve,Training TIme,,Algorithm Name,best temperature_magnitude,Accuracy,TPR,FPR,Precision,AUC,PR-Curve,Training TIme,,Algorithm Name,best temperature_magnitude,Accuracy,TPR,FPR,Precision,AUC,PR-Curve,Training TIme,
CIFAR10,1,base,200_0.0005,{50.03333333333333},95,96.52618675013042,0.4960157230297664,42.66266666666665,45.80105176073045,0.0,,article,200_0.0005,50.031944444444456,95,96.20333333333323,0.4960157230297664,42.190652777777814,45.36377951153253,0.0,,improve,50_0.0005,50.287499999999994,95,95.02125000000004,0.4960157230297664,50.039231249999936,50.02564936546451,0.0,
